-- Assignments
insert into users (u_id, username, password, role_id) values (1, 'Laney', 'ZWNuDaQU', 5);
insert into users (u_id, username, password, role_id) values (2, 'Clare', 'QBB5sLeIE', 4);
insert into users (u_id, username, password, role_id) values (3, 'Pauletta', 'oFE0IChy8P', 4);
insert into users (u_id, username, password, role_id) values (4, 'Ruggiero', 'RKnogE', 4);
insert into users (u_id, username, password, role_id) values (5, 'Kalvin', 'VfP1MsV', 1);
insert into users (u_id, username, password, role_id) values (6, 'Erroll', 'z6UrOP', 4);
insert into users (u_id, username, password, role_id) values (7, 'Lorry', 'HLS26VLy', 2);
insert into users (u_id, username, password, role_id) values (8, 'Donnell', 'NulgVFiMbcu', 2);
insert into users (u_id, username, password, role_id) values (9, 'Russ', 'desltGlLzaN', 3);
insert into users (u_id, username, password, role_id) values (10, 'Kikelia', 'bLtgTqV5pW8', 3);

-- Chat
insert into chat (ch_id, group_id, sender_id, time_sent, message) values (1 , 2, 5, '3/7/2021', 'Nam dui. Proin leo odio, porttitor id, consequat in, consequat ut, nulla. Sed accumsan felis. Ut at dolor quis odio consequat varius. Integer ac leo.');
insert into chat (ch_id, group_id, sender_id, time_sent, message) values (2 , 2, 9, '19/2/2021', 'Cras pellentesque volutpat dui. Maecenas tristique, est et tempus semper, est quam pharetra magna, ac consequat metus sapien ut nunc.');
insert into chat (ch_id, group_id, sender_id, time_sent, message) values (3 , 2, 5, '19/2/2021', 'In quis justo. Maecenas rhoncus aliquam lacus. Morbi quis tortor id nulla ultrices aliquet. Maecenas leo odio, condimentum id, luctus nec, molestie sed, justo.');
insert into chat (ch_id, group_id, sender_id, time_sent, message) values (4 , 2, 10, '22/9/2021', 'Maecenas pulvinar lobortis est. Phasellus sit amet erat. Nulla tempus. Vivamus in felis eu sapien cursus vestibulum. Proin eu mi.');
insert into chat (ch_id, group_id, sender_id, time_sent, message) values (5 , 2, 5, '6/1/2022', 'Proin at turpis a pede posuere nonummy. Integer non velit.');
insert into chat (ch_id, group_id, sender_id, time_sent, message) values (6 , 2, 5, '15/2/2021', 'Pellentesque ultrices mattis odio.');
insert into chat (ch_id, group_id, sender_id, time_sent, message) values (7 , 2, 10, '16/3/2022', 'Vestibulum ac est lacinia nisi venenatis tristique. Fusce congue, diam id ornare imperdiet, sapien urna pretium nisl, ut volutpat sapien arcu sed augue. Aliquam erat volutpat. In congue. Etiam justo.');
insert into chat (ch_id, group_id, sender_id, time_sent, message) values (8 , 2, 10, '2/7/2021', 'Vestibulum ante ipsum primis in faucibus orci luctus et ultrices posuere cubilia Curae; Donec pharetra, magna vestibulum aliquet ultrices, erat tortor sollicitudin mi, sit amet lobortis sapien sapien non mi. Integer ac neque. Duis bibendum. Morbi non quam nec dui luctus rutrum. Nulla tellus. In sagittis dui vel nisl.');
insert into chat (ch_id, group_id, sender_id, time_sent, message) values (9 , 2, 9, '13/2/2022', 'Vivamus in felis eu sapien cursus vestibulum.');
insert into chat (ch_id, group_id, sender_id, time_sent, message) values (10, 2, 10, '17/3/2022', 'Donec odio justo, sollicitudin ut, suscipit a, feugiat et, eros. Vestibulum ac est lacinia nisi venenatis tristique. Fusce congue, diam id ornare imperdiet, sapien urna pretium nisl, ut volutpat sapien arcu sed augue.');
insert into chat (ch_id, group_id, sender_id, time_sent, message) values (11, 2, 5, '17/2/2022', 'Duis at velit eu est congue elementum. In hac habitasse platea dictumst. Morbi vestibulum, velit id pretium iaculis, diam erat fermentum justo, nec condimentum neque sapien placerat ante.');
insert into chat (ch_id, group_id, sender_id, time_sent, message) values (12, 2, 9, '20/2/2021', 'Donec diam neque, vestibulum eget, vulputate ut, ultrices vel, augue. Vestibulum ante ipsum primis in faucibus orci luctus et ultrices posuere cubilia Curae; Donec pharetra, magna vestibulum aliquet ultrices, erat tortor sollicitudin mi, sit amet lobortis sapien sapien non mi. Integer ac neque. Duis bibendum. Morbi non quam nec dui luctus rutrum.');
insert into chat (ch_id, group_id, sender_id, time_sent, message) values (13, 2, 10, '27/10/2021', 'Morbi quis tortor id nulla ultrices aliquet.');
insert into chat (ch_id, group_id, sender_id, time_sent, message) values (14, 3, 3, '3/5/2021', 'Curabitur gravida nisi at nibh. In hac habitasse platea dictumst.');
insert into chat (ch_id, group_id, sender_id, time_sent, message) values (15, 3, 4, '8/2/2022', 'Aliquam quis turpis eget elit sodales scelerisque. Mauris sit amet eros. Suspendisse accumsan tortor quis turpis. Sed ante.');
insert into chat (ch_id, group_id, sender_id, time_sent, message) values (16, 3, 4, '11/3/2021', 'Praesent blandit. Nam nulla. Integer pede justo, lacinia eget, tincidunt eget, tempus vel, pede. Morbi porttitor lorem id ligula. Suspendisse ornare consequat lectus.');
insert into chat (ch_id, group_id, sender_id, time_sent, message) values (17, 3, 4, '7/4/2021', 'Duis aliquam convallis nunc. Proin at turpis a pede posuere nonummy. Integer non velit. Donec diam neque, vestibulum eget, vulputate ut, ultrices vel, augue. Vestibulum ante ipsum primis in faucibus orci luctus et ultrices posuere cubilia Curae; Donec pharetra, magna vestibulum aliquet ultrices, erat tortor sollicitudin mi, sit amet lobortis sapien sapien non mi.');
insert into chat (ch_id, group_id, sender_id, time_sent, message) values (18, 3, 4, '24/2/2021', 'Aenean lectus. Pellentesque eget nunc. Donec quis orci eget orci vehicula condimentum. Curabitur in libero ut massa volutpat convallis. Morbi odio odio, elementum eu, interdum eu, tincidunt in, leo.');
insert into chat (ch_id, group_id, sender_id, time_sent, message) values (19, 3, 4, '10/2/2021', 'Phasellus id sapien in sapien iaculis congue.');
insert into chat (ch_id, group_id, sender_id, time_sent, message) values (20, 3, 4, '21/3/2021', 'Pellentesque eget nunc. Donec quis orci eget orci vehicula condimentum. Curabitur in libero ut massa volutpat convallis. Morbi odio odio, elementum eu, interdum eu, tincidunt in, leo.');
insert into chat (ch_id, group_id, sender_id, time_sent, message) values (21, 3, 3, '18/4/2021', 'Vivamus tortor. Duis mattis egestas metus. Aenean fermentum. Donec ut mauris eget massa tempor convallis. Nulla neque libero, convallis eget, eleifend luctus, ultricies eu, nibh.');
insert into chat (ch_id, group_id, sender_id, time_sent, message) values (22, 3, 4, '23/9/2021', 'Duis bibendum. Morbi non quam nec dui luctus rutrum. Nulla tellus. In sagittis dui vel nisl. Duis ac nibh. Fusce lacus purus, aliquet at, feugiat non, pretium quis, lectus. Suspendisse potenti.');
insert into chat (ch_id, group_id, sender_id, time_sent, message) values (23, 3, 4, '6/4/2022', 'Quisque porta volutpat erat. Quisque erat eros, viverra eget, congue eget, semper rutrum, nulla. Nunc purus. Phasellus in felis. Donec semper sapien a libero. Nam dui. Proin leo odio, porttitor id, consequat in, consequat ut, nulla.');
insert into chat (ch_id, group_id, sender_id, time_sent, message) values (24, 3, 4, '10/8/2021', 'Nulla justo. Aliquam quis turpis eget elit sodales scelerisque. Mauris sit amet eros. Suspendisse accumsan tortor quis turpis. Sed ante.');
insert into chat (ch_id, group_id, sender_id, time_sent, message) values (25, 4, 3, '1/8/2021', 'Praesent id massa id nisl venenatis lacinia. Aenean sit amet justo.');
insert into chat (ch_id, group_id, sender_id, time_sent, message) values (26, 4, 3, '15/7/2021', 'Nam tristique tortor eu pede.');
insert into chat (ch_id, group_id, sender_id, time_sent, message) values (27, 4, 9, '15/10/2021', 'Morbi odio odio, elementum eu, interdum eu, tincidunt in, leo. Maecenas pulvinar lobortis est. Phasellus sit amet erat. Nulla tempus. Vivamus in felis eu sapien cursus vestibulum.');
insert into chat (ch_id, group_id, sender_id, time_sent, message) values (28, 4, 2, '25/3/2021', 'Mauris enim leo, rhoncus sed, vestibulum sit amet, cursus id, turpis. Integer aliquet, massa id lobortis convallis, tortor risus dapibus augue, vel accumsan tellus nisi eu orci. Mauris lacinia sapien quis libero. Nullam sit amet turpis elementum ligula vehicula consequat.');
insert into chat (ch_id, group_id, sender_id, time_sent, message) values (29, 4, 9, '4/1/2022', 'In sagittis dui vel nisl. Duis ac nibh. Fusce lacus purus, aliquet at, feugiat non, pretium quis, lectus.');
insert into chat (ch_id, group_id, sender_id, time_sent, message) values (30, 4, 9, '11/1/2022', 'Curabitur in libero ut massa volutpat convallis. Morbi odio odio, elementum eu, interdum eu, tincidunt in, leo. Maecenas pulvinar lobortis est. Phasellus sit amet erat. Nulla tempus. Vivamus in felis eu sapien cursus vestibulum. Proin eu mi.');
insert into chat (ch_id, group_id, sender_id, time_sent, message) values (31, 4, 9, '2/8/2021', 'Maecenas pulvinar lobortis est. Phasellus sit amet erat. Nulla tempus. Vivamus in felis eu sapien cursus vestibulum. Proin eu mi.');
insert into chat (ch_id, group_id, sender_id, time_sent, message) values (32, 4, 3, '29/11/2021', 'Praesent lectus.');
insert into chat (ch_id, group_id, sender_id, time_sent, message) values (33, 4, 2, '2/8/2021', 'Suspendisse potenti. In eleifend quam a odio. In hac habitasse platea dictumst. Maecenas ut massa quis augue luctus tincidunt. Nulla mollis molestie lorem. Quisque ut erat.');
insert into chat (ch_id, group_id, sender_id, time_sent, message) values (34, 5, 2, '10/3/2022', 'Cras non velit nec nisi vulputate nonummy.');
insert into chat (ch_id, group_id, sender_id, time_sent, message) values (35, 5, 2, '12/7/2021', 'Nullam molestie nibh in lectus. Pellentesque at nulla. Suspendisse potenti.');
insert into chat (ch_id, group_id, sender_id, time_sent, message) values (36, 5, 3, '23/3/2022', 'Integer pede justo, lacinia eget, tincidunt eget, tempus vel, pede. Morbi porttitor lorem id ligula. Suspendisse ornare consequat lectus.');
insert into chat (ch_id, group_id, sender_id, time_sent, message) values (37, 5, 2, '11/4/2021', 'Cum sociis natoque penatibus et magnis dis parturient montes, nascetur ridiculus mus. Vivamus vestibulum sagittis sapien. Cum sociis natoque penatibus et magnis dis parturient montes, nascetur ridiculus mus. Etiam vel augue. Vestibulum rutrum rutrum neque. Aenean auctor gravida sem.');
insert into chat (ch_id, group_id, sender_id, time_sent, message) values (38, 5, 2, '18/7/2021', 'Integer non velit. Donec diam neque, vestibulum eget, vulputate ut, ultrices vel, augue. Vestibulum ante ipsum primis in faucibus orci luctus et ultrices posuere cubilia Curae; Donec pharetra, magna vestibulum aliquet ultrices, erat tortor sollicitudin mi, sit amet lobortis sapien sapien non mi.');
insert into chat (ch_id, group_id, sender_id, time_sent, message) values (39, 5, 2, '6/9/2021', 'Proin leo odio, porttitor id, consequat in, consequat ut, nulla. Sed accumsan felis. Ut at dolor quis odio consequat varius. Integer ac leo. Pellentesque ultrices mattis odio. Donec vitae nisi.');
insert into chat (ch_id, group_id, sender_id, time_sent, message) values (40, 5, 3, '22/4/2021', 'Vestibulum ante ipsum primis in faucibus orci luctus et ultrices posuere cubilia Curae; Mauris viverra diam vitae quam.');
insert into chat (ch_id, group_id, sender_id, time_sent, message) values (41, 5, 3, '9/9/2021', 'Integer ac neque. Duis bibendum. Morbi non quam nec dui luctus rutrum. Nulla tellus. In sagittis dui vel nisl. Duis ac nibh.');
insert into chat (ch_id, group_id, sender_id, time_sent, message) values (42, 5, 3, '8/8/2021', 'Pellentesque ultrices mattis odio. Donec vitae nisi. Nam ultrices, libero non mattis pulvinar, nulla pede ullamcorper augue, a suscipit nulla elit ac nulla. Sed vel enim sit amet nunc viverra dapibus.');
insert into chat (ch_id, group_id, sender_id, time_sent, message) values (43, 6, 1, '1/9/2021', 'Vestibulum ante ipsum primis in faucibus orci luctus et ultrices posuere cubilia Curae; Mauris viverra diam vitae quam. Suspendisse potenti. Nullam porttitor lacus at turpis. Donec posuere metus vitae ipsum. Aliquam non mauris.');
insert into chat (ch_id, group_id, sender_id, time_sent, message) values (44, 6, 1, '4/4/2021', 'Integer aliquet, massa id lobortis convallis, tortor risus dapibus augue, vel accumsan tellus nisi eu orci. Mauris lacinia sapien quis libero. Nullam sit amet turpis elementum ligula vehicula consequat. Morbi a ipsum. Integer a nibh. In quis justo. Maecenas rhoncus aliquam lacus.');
insert into chat (ch_id, group_id, sender_id, time_sent, message) values (45, 6, 4, '14/8/2021', 'Etiam vel augue. Vestibulum rutrum rutrum neque.');
insert into chat (ch_id, group_id, sender_id, time_sent, message) values (46, 6, 4, '24/3/2021', 'Nullam orci pede, venenatis non, sodales sed, tincidunt eu, felis. Fusce posuere felis sed lacus. Morbi sem mauris, laoreet ut, rhoncus aliquet, pulvinar sed, nisl. Nunc rhoncus dui vel sem.');
insert into chat (ch_id, group_id, sender_id, time_sent, message) values (47, 6, 4, '17/3/2021', 'Phasellus sit amet erat. Nulla tempus. Vivamus in felis eu sapien cursus vestibulum. Proin eu mi.');
insert into chat (ch_id, group_id, sender_id, time_sent, message) values (48, 6, 1, '28/11/2021', 'Nulla ac enim. In tempor, turpis nec euismod scelerisque, quam turpis adipiscing lorem, vitae mattis nibh ligula nec sem. Duis aliquam convallis nunc. Proin at turpis a pede posuere nonummy.');
insert into chat (ch_id, group_id, sender_id, time_sent, message) values (49, 6, 1, '19/8/2021', 'Donec ut dolor. Morbi vel lectus in quam fringilla rhoncus. Mauris enim leo, rhoncus sed, vestibulum sit amet, cursus id, turpis.');
insert into chat (ch_id, group_id, sender_id, time_sent, message) values (50, 6, 3, '1/4/2021', 'Quisque erat eros, viverra eget, congue eget, semper rutrum, nulla. Nunc purus. Phasellus in felis. Donec semper sapien a libero. Nam dui. Proin leo odio, porttitor id, consequat in, consequat ut, nulla.');
insert into chat (ch_id, group_id, sender_id, time_sent, message) values (51, 6, 4, '28/10/2021', 'Aliquam augue quam, sollicitudin vitae, consectetuer eget, rutrum at, lorem. Integer tincidunt ante vel ipsum. Praesent blandit lacinia erat. Vestibulum sed magna at nunc commodo placerat. Praesent blandit. Nam nulla. Integer pede justo, lacinia eget, tincidunt eget, tempus vel, pede.');
insert into chat (ch_id, group_id, sender_id, time_sent, message) values (52, 6, 3, '22/11/2021', 'Integer a nibh. In quis justo. Maecenas rhoncus aliquam lacus. Morbi quis tortor id nulla ultrices aliquet. Maecenas leo odio, condimentum id, luctus nec, molestie sed, justo. Pellentesque viverra pede ac diam.');
insert into chat (ch_id, group_id, sender_id, time_sent, message) values (53, 6, 1, '17/5/2021', 'Fusce congue, diam id ornare imperdiet, sapien urna pretium nisl, ut volutpat sapien arcu sed augue. Aliquam erat volutpat. In congue. Etiam justo. Etiam pretium iaculis justo.');
insert into chat (ch_id, group_id, sender_id, time_sent, message) values (54, 6, 3, '20/5/2021', 'In congue. Etiam justo. Etiam pretium iaculis justo. In hac habitasse platea dictumst. Etiam faucibus cursus urna.');
insert into chat (ch_id, group_id, sender_id, time_sent, message) values (55, 6, 3, '4/12/2021', 'Fusce posuere felis sed lacus. Morbi sem mauris, laoreet ut, rhoncus aliquet, pulvinar sed, nisl.');
insert into chat (ch_id, group_id, sender_id, time_sent, message) values (56, 6, 1, '8/6/2021', 'Vivamus tortor. Duis mattis egestas metus. Aenean fermentum. Donec ut mauris eget massa tempor convallis. Nulla neque libero, convallis eget, eleifend luctus, ultricies eu, nibh. Quisque id justo sit amet sapien dignissim vestibulum.');
insert into chat (ch_id, group_id, sender_id, time_sent, message) values (57, 6, 1, '27/2/2021', 'Fusce lacus purus, aliquet at, feugiat non, pretium quis, lectus. Suspendisse potenti. In eleifend quam a odio. In hac habitasse platea dictumst. Maecenas ut massa quis augue luctus tincidunt.');
insert into chat (ch_id, group_id, sender_id, time_sent, message) values (58, 6, 1, '12/12/2021', 'Nullam orci pede, venenatis non, sodales sed, tincidunt eu, felis. Fusce posuere felis sed lacus. Morbi sem mauris, laoreet ut, rhoncus aliquet, pulvinar sed, nisl. Nunc rhoncus dui vel sem. Sed sagittis.');
insert into chat (ch_id, group_id, sender_id, time_sent, message) values (59, 6, 4, '19/11/2021', 'Curabitur gravida nisi at nibh. In hac habitasse platea dictumst. Aliquam augue quam, sollicitudin vitae, consectetuer eget, rutrum at, lorem. Integer tincidunt ante vel ipsum. Praesent blandit lacinia erat. Vestibulum sed magna at nunc commodo placerat.');
insert into chat (ch_id, group_id, sender_id, time_sent, message) values (60, 7, 4, '11/10/2021', 'Fusce consequat. Nulla nisl. Nunc nisl. Duis bibendum, felis sed interdum venenatis, turpis enim blandit mi, in porttitor pede justo eu massa. Donec dapibus.');
insert into chat (ch_id, group_id, sender_id, time_sent, message) values (61, 7, 9, '13/7/2021', 'Quisque id justo sit amet sapien dignissim vestibulum. Vestibulum ante ipsum primis in faucibus orci luctus et ultrices posuere cubilia Curae; Nulla dapibus dolor vel est.');
insert into chat (ch_id, group_id, sender_id, time_sent, message) values (62, 7, 4, '6/12/2021', 'Vestibulum ac est lacinia nisi venenatis tristique. Fusce congue, diam id ornare imperdiet, sapien urna pretium nisl, ut volutpat sapien arcu sed augue.');
insert into chat (ch_id, group_id, sender_id, time_sent, message) values (63, 7, 4, '23/9/2021', 'Phasellus sit amet erat. Nulla tempus. Vivamus in felis eu sapien cursus vestibulum. Proin eu mi. Nulla ac enim. In tempor, turpis nec euismod scelerisque, quam turpis adipiscing lorem, vitae mattis nibh ligula nec sem.');

-- Feedback
insert into feedback (fb_id, u_id, fb_message) values (1, 2, 'Donec ut dolor. Morbi vel lectus in quam fringilla rhoncus. Mauris enim leo, rhoncus sed, vestibulum sit amet, cursus id, turpis. Integer aliquet, massa id lobortis convallis.');
insert into feedback (fb_id, u_id, fb_message) values (2, 9, 'Praesent lectus. Vestibulum quam sapien, varius ut, blandit non, interdum in, ante. Vestibulum ante ipsum primis in faucibus orci luctus et ultrices posuere cubilia Curae; Duis faucibus accumsan odio.');
insert into feedback (fb_id, u_id, fb_message) values (3, 4, 'Duis at velit eu est congue elementum. In hac habitasse platea dictumst. Morbi vestibulum, velit id pretium iaculis, diam erat fermentum justo, nec condimentum neque sapien placerat ante. Nulla justo.');
insert into feedback (fb_id, u_id, fb_message) values (4, 2, 'Vestibulum ante ipsum primis in faucibus orci luctus et ultrices posuere cubilia Curae; Nulla dapibus dolor vel est. Donec odio justo, sollicitudin ut, suscipit a, feugiat et, eros.');
insert into feedback (fb_id, u_id, fb_message) values (5, 10, 'Suspendisse potenti. Nullam porttitor lacus at turpis. Donec posuere metus vitae ipsum.');
insert into feedback (fb_id, u_id, fb_message) values (6, 3, 'Aliquam non mauris. Morbi non lectus. Aliquam sit amet diam in magna bibendum imperdiet. Nullam orci pede, venenatis non, sodales sed, tincidunt eu, felis. Fusce posuere felis sed lacus.');
insert into feedback (fb_id, u_id, fb_message) values (7, 5, 'Praesent blandit. Nam nulla. Integer pede justo, lacinia eget, tincidunt eget, tempus vel, pede. Morbi porttitor lorem id ligula. Suspendisse ornare consequat lectus.');
insert into feedback (fb_id, u_id, fb_message) values (8, 9, 'Donec semper sapien a libero. Nam dui. Proin leo odio, porttitor id, consequat in, consequat ut, nulla.');

-- GroupMembers
insert into group_members (group_id, member_id) values (2, 9);
insert into group_members (group_id, member_id) values (4, 9);
insert into group_members (group_id, member_id) values (4, 2);
insert into group_members (group_id, member_id) values (7, 4);
insert into group_members (group_id, member_id) values (4, 3);
insert into group_members (group_id, member_id) values (6, 3);
insert into group_members (group_id, member_id) values (5, 3);
insert into group_members (group_id, member_id) values (6, 4);
insert into group_members (group_id, member_id) values (6, 1);
insert into group_members (group_id, member_id) values (2, 10);
insert into group_members (group_id, member_id) values (2, 5);
insert into group_members (group_id, member_id) values (5, 2);
insert into group_members (group_id, member_id) values (3, 3);
insert into group_members (group_id, member_id) values (3, 4);
insert into group_members (group_id, member_id) values (7, 9);

-- Groups
insert into groups (gr_id, group_name, group_creator_id) values (1, 'Lotlux', 4);
insert into groups (gr_id, group_name, group_creator_id) values (2, 'Opela', 2);
insert into groups (gr_id, group_name, group_creator_id) values (3, 'Mat Lam Tam', 8);
insert into groups (gr_id, group_name, group_creator_id) values (4, 'Bigtax', 8);
insert into groups (gr_id, group_name, group_creator_id) values (5, 'Flowdesk', 8);
insert into groups (gr_id, group_name, group_creator_id) values (6, 'Konklux', 1);
insert into groups (gr_id, group_name, group_creator_id) values (7, 'Span', 5);

-- Relationships
insert into relationships (first_user_id, second_user_id, status, since) values (3, 1, 'pending', '19/11/2021');
insert into relationships (first_user_id, second_user_id, status, since) values (3, 4, 'accepted', '17/1/2022');
insert into relationships (first_user_id, second_user_id, status, since) values (7, 10, 'blocked', '2/7/2021');
insert into relationships (first_user_id, second_user_id, status, since) values (1, 5, 'accepted', '23/5/2021');
insert into relationships (first_user_id, second_user_id, status, since) values (8, 3, 'accepted', '20/9/2021');
insert into relationships (first_user_id, second_user_id, status, since) values (3, 9, 'blocked', '8/6/2021');
insert into relationships (first_user_id, second_user_id, status, since) values (5, 4, 'pending', '16/5/2021');
insert into relationships (first_user_id, second_user_id, status, since) values (9, 2, 'accepted', '25/7/2021');
insert into relationships (first_user_id, second_user_id, status, since) values (2, 1, 'pending', '29/9/2021');
insert into relationships (first_user_id, second_user_id, status, since) values (8, 10, 'accepted', '22/3/2021');

-- Reports
insert into reports (rep_id, ch_id, reporter_id, violator_id, rep_message, status) values (1, 20, 4, 3, 'Cras pellentesque volutpat dui. Maecenas tristique, est et tempus semper, est quam pharetra magna, ac consequat metus sapien ut nunc', 'pending');
insert into reports (rep_id, ch_id, reporter_id, violator_id, status) values (2, 51, 1, 4, 'rejected');
insert into reports (rep_id, ch_id, reporter_id, violator_id, rep_message, status) values (3, 3, 5, 9, 'Morbi odio odio, elementum eu, interdum eu, tincidunt in, leo!','accepted');

-- Roles
insert into roles (r_id, role_name, basic_rights, todo_access_rights, team_leader_rights, admin_rights) values (1, 'admin', true, true, true, true);
insert into roles (r_id, role_name, basic_rights, todo_access_rights, team_leader_rights, admin_rights) values (2, 'account_manager', true, false, true, false);
insert into roles (r_id, role_name, basic_rights, todo_access_rights, team_leader_rights, admin_rights) values (3, 'team_leader', true, true, true, false);
insert into roles (r_id, role_name, basic_rights, todo_access_rights, team_leader_rights, admin_rights) values (4, 'pleb', true, true, false, false);
insert into roles (r_id, role_name, basic_rights, todo_access_rights, team_leader_rights, admin_rights) values (5, 'guest', true, false, false, false);

-- TO_DO tables
insert into todos (td_id, user_id, task_name, task_description, due_time, completed) values (1, 5, 'hw02', 'venenatis turpis enim blandit mi in porttitor', '11/11/2021', false);
insert into todos (td_id, user_id, task_name, task_description, due_time, completed) values (2, 10, 'Pick up a trash', 'sit amet nulla quisque arcu libero rutrum', '3/9/2021', true);
insert into todos (td_id, user_id, task_name, task_description, due_time, completed) values (3, 6, 'Doing laundry', 'dui maecenas tristique est et tempus semper est quam', '11/7/2021', true);
insert into todos (td_id, user_id, task_name, task_description, due_time, completed) values (4, 8, 'Washing dishes', 'morbi sem mauris laoreet ut rhoncus aliquet pulvinar sed', '24/4/2021', false);
insert into todos (td_id, user_id, task_name, task_description, due_time, completed) values (5, 5, 'Boos meeting', 'integer pede justo lacinia eget tincidunt eget tempus vel pede', '13/10/2021', true);
insert into todos (td_id, user_id, task_name, task_description, due_time, completed) values (6, 5, 'Clean house', 'nulla suspendisse potenti cras in purus eu magna vulputate', '28/11/2021', true);
insert into todos (td_id, user_id, task_name, task_description, due_time, completed) values (7, 5, 'Hire new guy', 'parturient montes nascetur ridiculus mus etiam vel augue vestibulum', '21/7/2021', false);
insert into todos (td_id, user_id, task_name, task_description, due_time, completed) values (8, 7, 'job interview',  'montes nascetur ridiculus mus etiam vel augue vestibulum rutrum rutrum', '28/9/2021', true);
insert into todos (td_id, user_id, task_name, task_description, due_time, completed) values (9, 8, 'Sweeping',       'elit ac nulla sed vel enim sit amet', '19/8/2021', false);
insert into todos (td_id, user_id, task_name, task_description, due_time, completed) values (10, 1, 'hw03',     'quam sapien varius ut blandit non interdum', '28/1/2022', false);
insert into todos (td_id, user_id, task_name, task_description, due_time, completed) values (11, 6, 'cokeeffea',    'at feugiat non pretium quis lectus', '22/6/2021', true);
insert into todos (td_id, user_id, task_name, task_description, due_time, completed) values (12, 4, 'Washing dishes', 'integer aliquet massa id lobortis convallis tortor risus dapibus augue', '19/1/2022', true);
insert into todos (td_id, user_id, task_name, task_description, due_time, completed) values (13, 6, 'job interview',    'amet cursus id turpis integer', '13/7/2021', true);
insert into todos (td_id, user_id, task_name, task_description, due_time, completed) values (14, 4, 'Cleaning bathrooms',     'cras pellentesque volutpat dui maecenas tristique', '22/9/2021', true);
insert into todos (td_id, user_id, task_name, task_description, due_time, completed) values (15, 7, 'midterm',   'pede malesuada in imperdiet et commodo vulputate justo in', '5/10/2021', true);
insert into todos (td_id, user_id, task_name, task_description, due_time, completed) values (16, 6, 'Date',   'diam in magna bibendum imperdiet nullam orci', '7/4/2021', true);
insert into todos (td_id, user_id, task_name, task_description, due_time, completed) values (17, 4, 'Cleaning bathrooms',    'tempus semper est quam pharetra magna ac consequat metus sapien', '9/8/2021', false);
insert into todos (td_id, user_id, task_name, task_description, due_time, completed) values (18, 2, 'SLEEEEP',     'eu massa donec dapibus duis at velit eu est congue', '24/7/2021', false);
insert into todos (td_id, user_id, task_name, task_description, due_time, completed) values (19, 9, 'vacation',    'suscipit ligula in lacus curabitur at ipsum ac tellus', '23/9/2021', false);
insert into todos (td_id, user_id, task_name, task_description, due_time, completed) values (20, 1, 'midterm',  'leo maecenas pulvinar lobortis est phasellus', '27/12/2021', true);
insert into todos (td_id, user_id, task_name, task_description, due_time, completed) values (21, 9, 'Finals',   'eget tincidunt eget tempus vel pede morbi porttitor lorem', '27/2/2021', false);
insert into todos (td_id, user_id, task_name, task_description, due_time, completed) values (22, 6, 'Sweeping',     'faucibus accumsan odio curabitur convallis duis', '30/1/2022', true);
insert into todos (td_id, user_id, task_name, task_description, due_time, completed) values (23, 5, 'Meeting with ','sed ante vivamus tortor duis mattis egestas metus', '30/3/2022', false);
insert into todos (td_id, user_id, task_name, task_description, due_time, completed) values (24, 9, 'Doing laundry', 'quam pharetra magna ac consequat metus sapien ut nunc vestibulum', '26/10/2021', false);
insert into todos (td_id, user_id, task_name, task_description, due_time, completed) values (25, 4, 'Washing dishes','eros viverra eget congue eget semper', '18/8/2021', true);

-- Users
insert into users (u_id, username, password, role_id) values (1, 'Laney', 'ZWNuDaQU', 5);
insert into users (u_id, username, password, role_id) values (2, 'Clare', 'QBB5sLeIE', 4);
insert into users (u_id, username, password, role_id) values (3, 'Pauletta', 'oFE0IChy8P', 4);
insert into users (u_id, username, password, role_id) values (4, 'Ruggiero', 'RKnogE', 4);
insert into users (u_id, username, password, role_id) values (5, 'Kalvin', 'VfP1MsV', 1);
insert into users (u_id, username, password, role_id) values (6, 'Erroll', 'z6UrOP', 4);
insert into users (u_id, username, password, role_id) values (7, 'Lorry', 'HLS26VLy', 2);
insert into users (u_id, username, password, role_id) values (8, 'Donnell', 'NulgVFiMbcu', 2);
insert into users (u_id, username, password, role_id) values (9, 'Russ', 'desltGlLzaN', 3);
insert into users (u_id, username, password, role_id) values (10, 'Kikelia', 'bLtgTqV5pW8', 3);

